{
  "DataTable": {
    "attribute_marked_count_always_link_assembly": 4,
    "attribute_swept_count_always_link_assembly": 0,
    "attribute_total_count_always_link_assembly": 4,
    "attribute_marked_count_preserve": 784,
    "attribute_total_count_preserve": 684,
    "attribute_total_count_preserve_body": 0,
    "attribute_marked_count_required_member": 14,
    "attribute_swept_count_required_member": 8,
    "attribute_total_count_required_member": 22,
    "attribute_marked_count_require_derived": 0,
    "attribute_swept_count_require_derived": 0,
    "attribute_total_count_require_derived": 0,
    "attribute_marked_count_require_implementors": 7,
    "attribute_swept_count_require_implementors": 0,
    "attribute_total_count_require_implementors": 10,
    "attribute_total_count_required_interface": 0,
    "attribute_marked_count_require_attribute_usages": 3,
    "attribute_total_count_require_attribute_usages": 1,
    "attribute_total_count_dynamic_dependency": 0,
    "attribute_marked_count_dynamic_dependency": 113,
    "attribute_swept_count_dynamic_dependency": -113,
    "assembly_counts_total_in": 147,
    "assembly_counts_link": 51,
    "assembly_counts_copy": 51,
    "assembly_counts_delete": 45,
    "assembly_counts_total_out": 102,
    "unresolved_stubbing_total_count": 0,
    "unresolved_stubbing_missing_interface_method_count": 0,
    "unresolved_stubbing_missing_abstract_class_method_count": 0,
    "unresolved_stubbing_missing_type_count": 0,
    "unresolved_stubbing_missing_method_count": 0,
    "unrecognized_reflection_access_total_count": 669,
    "unrecognized_reflection_access_core_count": 378,
    "unrecognized_reflection_access_unity_count": 181,
    "unrecognized_reflection_access_user_count": 110,
    "recognized_reflection_access_total_count": 110,
    "recognized_reflection_access_core_count": 82,
    "recognized_reflection_access_unity_count": 23,
    "recognized_reflection_access_user_count": 5,
    "link_xml_total_count": 11,
    "link_xml_embedded_count": 2,
    "link_xml_embedded_unity_count": 0,
    "link_xml_embedded_user_count": 1,
    "link_xml_file_count": 9,
    "link_xml_assembly_preserve_all_total_count": 0,
    "link_xml_assembly_preserve_all_unity_count": 0,
    "link_xml_assembly_preserve_all_core_count": 0,
    "link_xml_assembly_preserve_all_user_count": 0,
    "engine_module_total_in": 0,
    "engine_module_deleted": 0,
    "engine_module_total_out": 0,
    "option_rule_set": "Minimal",
    "option_enable_report": false,
    "option_enable_snapshot": false,
    "option_enable_engine_module_stripping": false,
    "option_unity_root_strategy": "AllNonEngineAndNonClassLibraries",
    "option_enable_ildump": false
  }
}