{
  "report": {
    "modules": [
      {
        "name": "AI",
        "dependencies": []
      },
      {
        "name": "AR",
        "dependencies": []
      },
      {
        "name": "Accessibility",
        "dependencies": []
      },
      {
        "name": "AndroidJNI",
        "dependencies": []
      },
      {
        "name": "Animation",
        "dependencies": []
      },
      {
        "name": "AssetBundle",
        "dependencies": []
      },
      {
        "name": "Audio",
        "dependencies": []
      },
      {
        "name": "Cloth",
        "dependencies": []
      },
      {
        "name": "ClusterInput",
        "dependencies": []
      },
      {
        "name": "ClusterRenderer",
        "dependencies": []
      },
      {
        "name": "ContentLoad",
        "dependencies": []
      },
      {
        "name": "Core",
        "dependencies": []
      },
      {
        "name": "CrashReporting",
        "dependencies": []
      },
      {
        "name": "DSPGraph",
        "dependencies": []
      },
      {
        "name": "Director",
        "dependencies": []
      },
      {
        "name": "GI",
        "dependencies": []
      },
      {
        "name": "GameCenter",
        "dependencies": []
      },
      {
        "name": "Grid",
        "dependencies": []
      },
      {
        "name": "HotReload",
        "dependencies": []
      },
      {
        "name": "IMGUI",
        "dependencies": []
      },
      {
        "name": "ImageConversion",
        "dependencies": []
      },
      {
        "name": "Input",
        "dependencies": []
      },
      {
        "name": "InputLegacy",
        "dependencies": []
      },
      {
        "name": "JSONSerialize",
        "dependencies": []
      },
      {
        "name": "Localization",
        "dependencies": []
      },
      {
        "name": "NVIDIA",
        "dependencies": []
      },
      {
        "name": "ParticleSystem",
        "dependencies": []
      },
      {
        "name": "PerformanceReporting",
        "dependencies": []
      },
      {
        "name": "Physics",
        "dependencies": []
      },
      {
        "name": "Physics2D",
        "dependencies": []
      },
      {
        "name": "Profiler",
        "dependencies": []
      },
      {
        "name": "Properties",
        "dependencies": []
      },
      {
        "name": "ScreenCapture",
        "dependencies": []
      },
      {
        "name": "SharedInternals",
        "dependencies": []
      },
      {
        "name": "SpriteMask",
        "dependencies": []
      },
      {
        "name": "SpriteShape",
        "dependencies": []
      },
      {
        "name": "Streaming",
        "dependencies": []
      },
      {
        "name": "Substance",
        "dependencies": []
      },
      {
        "name": "Subsystems",
        "dependencies": []
      },
      {
        "name": "TLS",
        "dependencies": []
      },
      {
        "name": "Terrain",
        "dependencies": []
      },
      {
        "name": "TerrainPhysics",
        "dependencies": []
      },
      {
        "name": "TextCoreFontEngine",
        "dependencies": []
      },
      {
        "name": "TextCoreTextEngine",
        "dependencies": []
      },
      {
        "name": "TextRendering",
        "dependencies": []
      },
      {
        "name": "Tilemap",
        "dependencies": []
      },
      {
        "name": "UI",
        "dependencies": []
      },
      {
        "name": "UIElements",
        "dependencies": []
      },
      {
        "name": "Umbra",
        "dependencies": []
      },
      {
        "name": "UnityAnalytics",
        "dependencies": []
      },
      {
        "name": "UnityAnalyticsCommon",
        "dependencies": []
      },
      {
        "name": "UnityConnect",
        "dependencies": []
      },
      {
        "name": "UnityCurl",
        "dependencies": []
      },
      {
        "name": "UnityTestProtocol",
        "dependencies": []
      },
      {
        "name": "UnityWebRequest",
        "dependencies": []
      },
      {
        "name": "UnityWebRequestAssetBundle",
        "dependencies": []
      },
      {
        "name": "UnityWebRequestAudio",
        "dependencies": []
      },
      {
        "name": "UnityWebRequestTexture",
        "dependencies": []
      },
      {
        "name": "UnityWebRequestWWW",
        "dependencies": []
      },
      {
        "name": "VFX",
        "dependencies": []
      },
      {
        "name": "VR",
        "dependencies": []
      },
      {
        "name": "Vehicles",
        "dependencies": []
      },
      {
        "name": "Video",
        "dependencies": []
      },
      {
        "name": "VirtualTexturing",
        "dependencies": []
      },
      {
        "name": "Wind",
        "dependencies": []
      },
      {
        "name": "XR",
        "dependencies": []
      }
    ]
  }
}